recipe_id,name,category,ingredients,steps,images
6859263,매콤 된장찌개,한식,느타리버섯 1줌 구매 | 양파 1/2개 구매 | 애호박 1/4개 구매 | 청양고추 2개 구매 | 두부 1/4모 구매 | 물 1.5종이컵 구매 | 된장 2T 구매 | 진간장 1T 구매 | 고추가루 1.5T 구매 | 다진마늘 0.5T 구매 | 설탕 0.5티스푼 구매 | 소금 간맞추기 구매 | 뚝배기 구매 | 나무도마 구매 | 요리나이프 구매,"1. 물1.5종이컵에 된장,고추가루,다진마늘,설탕,간장을 한데넣고 한소끔 끓여줍니다. || 2. 그사이 양파,버섯,애호박,청양고추,두부는 적당한 크기로 썰어줍니다. || 3. 한소끔 끓은 된장물에 양파,버섯,애호박,청양고추,두부를 넣어 줍니다. || 4. 애호박이 익을때까지 끓여주어 간을보아 부족한간은 소금으로 해주어 완성. 저는 부족한간이 없어 소금은 넣지 않았습니다.",6859263_step_1.jpg; 6859263_step_2.jpg; 6859263_step_3.jpg; 6859263_step_4.jpg
6873683,소고기 미역국,한식,소고기 국거리용 180g 구매 | 미역 20g 1줌 구매 | 쌀뜨물 혹은 물 / 종이컵 7컵 1.4L 구매 | 다진마늘 1큰술 구매 | 참기름 1큰술 구매 | 국간장 2큰술 구매 | 소금 약간 구매 | 스테인레스볼 구매 | 채반 구매 | 스테인레스냄비 구매 | 계량컵 구매 | 대접 구매,"1. 키친타올을 이용해 소고기 핏물을 닦아주세요.덩어리 고기를 사용할 경우 수직 방향(고기의 결과 반대로)으로 썰어주세요.결대로 썰어주면 고기가 질겨져요. || 2. 미역은 물 500ml(약 2.5컵)에 10분간 불려주세요.미역 20g은 이 정도.대충 가늠할 수 있겠지요?저울이 없는 분들은 사진 참고해서 양 조절해주세요. || 3. 미역은 물 500ml(약 2.5컵)에 10분간 불려주세요.혹, 양 조절에 실패했다면 불린 미역은 냉동실에 보관해뒀다가 드세요. || 4. 불린 미역은 가위를 이용해 먹기 좋은 크기로 잘라주세요. || 5. 미역은 체를 이용해 건져주세요. 이때 미역 불린 물은 버리지 않고 미역국 끓일 때 물 대신 사용해주세요.엄마의 레시피..미역 불린 물 혹은 쌀뜨물을 넣어 미역국을 끓이는 거예요. 쌀드물이 없다면 일반 생수 사용해 주세요.국물의 깊이가 달라진다고 해야 할까요?조미료 하나 넣지 않고도 깊고 진한 맛의 미역국을 끓일 수 있어요. || 6. 중불로 달군 냄비에 참기름 1큰술을 두른 뒤 다진마늘 1큰술과 소고기를 넣고 볶아주세요. || 7. 소고기 겉면이 절반 정도 익을 때쯤 국간장 1큰술을 넣어 볶아주세요. || 8. 미역을 넣고 푸른색을 띨 때까지 달달 볶아주세요. || 9. 쌀뜨물 혹은 미역 불린 물 400mL(약 2컵)를 붓고 강불로 올려주세요. || 10. 국물이 끓기 시작하면 물 1L(약 5컵)를 넣어주세요. 다시 끓어오르면 중약불로 줄인 뒤 15분간 끓여주세요. || 11. 국간장 1큰술을 넣고 부족한 간은 소금으로 더해주세요. 엄마 손맛 가득한 미역국 완성입니다.",6873683_step_1.jpg; 6873683_step_2.jpg; 6873683_step_3.jpg; 6873683_step_4.jpg; 6873683_step_5.jpg; 6873683_step_6.jpg; 6873683_step_7.jpg; 6873683_step_8.jpg; 6873683_step_9.jpg; 6873683_step_10.jpg; 6873683_step_11.jpg
6891816,간장 멸치볶음,한식,잔멸치 300cc 1국그릇 구매 | 오일 3스푼 구매 | 간장 1스푼 구매 | 맛술 1스푼 구매 | 올리고당 3스푼 구매 | 설탕 1티스푼 구매 | 참기름 1스푼 구매 | 깨소금 1스푼 구매 | 후라이팬 구매 | 계량스푼 구매,"1. 잔멸치 국그릇1이예요대량으로 구매를 해서 몇 그람 정도인지 몰라서 비커에 넣어 봤어요ㅋ 300cc네요 || 2. 멸치 비린내를 없애기 위해서 볶음팬에 아무것도 없이 멸치만 넣고 중간불에 볶아주세요 || 3. 멸치가 약간 노릇노릇하게 되었을때 오일을 3T넣고 볶아주세요 저는 카놀라유를 사용했어요 약간의 기포가 생길때 불을 끄고 || 4. 맛술1T,간장1T를 넣고 골고루 섞어주세요 || 5. 올리고당 3T와 설탕 티스푼1T 넣고 약불에서 아주 잠깐만(3초~5초) 골고루 볶아주세요(달게 드시지 않으시면 설탕은 생략하셔도 됩니다) || 6. 다시 불을 끄고 참기름1 || 7. 깨소금1T || 8. 골고루 섞어주면 완성입니다",6891816_step_1.jpg; 6891816_step_2.jpg; 6891816_step_3.jpg; 6891816_step_4.jpg; 6891816_step_5.jpg; 6891816_step_6.jpg; 6891816_step_7.jpg; 6891816_step_8.jpg
6889424,이상순 계란볶음밥,한식,밥 2공기 구매 | 달걀 2개 구매 | 대파 1/2대 구매 | 굴소스 2T 구매 | 식용유 적당량 구매 | 후추 조금 구매,"1. 재료의 양은 취향껏 준비해주세요. || 2. 먼저 대파는 잘게 썰어 주세요.대파1/2대칼,도마 || 3. 볼에 밥을 담고 날달걀을 풀어서밥과 달걀을 잘 섞어주세요.밥2공기, 달걀2개볼,수저 || 4. 달군 후라이팬에 식용유를 적당량 붓고대파를 넣은 뒤 파기름을 내주세요.손질한 대파, 식용유후라이팬,주걱센불 || 5. 파향이 솔솔 올라오면계란 섞은 밥을 넣어서같이 볶아주세요.계란 섞은 밥주걱센불 || 6. 후추를 뿌리고굴소스로 간을 맞춰준 후휘리릭 볶아준 뒤가스불을 꺼주세요.후추, 굴소스중불 || 7. 그릇에 담아내면효리네민박 달걀볶음밥완성이에요.",6889424_step_1.jpg; 6889424_step_2.jpg; 6889424_step_3.jpg; 6889424_step_4.jpg; 6889424_step_5.jpg; 6889424_step_6.jpg; 6889424_step_7.jpg
3686217,대박 맛집 김치찌개,한식,김치 1/2포기 구매 | 포도씨유 1큰술 구매 | 깍두기국물 1/3컵 구매 | 대파 구매 | 두부 구매 | 물(멸치육수) 구매 | 참치 1캔 구매 | 설탕 구매 | 고춧가루 구매 | 다진 마늘 1큰술 구매 | 멸치육수 구매 | 냄비 구매 | 도마 구매 | 조리용나이프 구매 | 요리스푼 구매 | 밀폐용기 구매,1. 일단 지금알려드리는 방법은 식사전에 준비하시기 보다 시간적인 여유가 있으실때 미리 김치볶음을 만들어 두셨다가 사용하셔야 해요. || 2. 냄비에 큼직하게 썰은 김치(대략 배추 1/2 포기)를 넣고 포도씨유 1큰술을 넣고 볶아주세요. 이때 김치 국물 혹은 저같은 경우는 깍두기 국물을 1/3컵 정도 넣어 주었어요. 김치국물이 들어가면 따로 간을 하지 않아도 되거든요. 또한 이때 설탕을 조금 넣어주시면 김치가 더욱 빨리 무르게 익어요. 또한 고춧가루를 넣어주면 색도 이뻐지고 윤도나지요. || 3. 볶는 중간에 다진마늘 1큰술도 넣어주세요. || 4. 김치가 타려는듯 하면 중불에서 물 혹은 멸치육수를 1컵 정도 부어준후 가끔씩 저어가며 뚜껑을 덮고 푹~~ 익혀줍니다. || 5. 김치가 익으면 수분이 나오기도 하니 처음부터 너무 물이나 육수를 많이 붓지는 마셔요. 김치를 30분 정도 푹 익혀주면 밑준비 끝!!~ || 6. 볶아둔 김치는 식힌후에 통에담아 냉장고에서 최소 반나절이상 숙성시켜 주세요. 국물이 자박하게 있으면 나중에 김치찌개 끓이실때 따로 간을 하지 않아도 되요. || 7. 물 혹은 멸치육수를 냄비의 3/4 지점까지 부어준뒤 끓여주세요. 이떄 볶은김치의 양이 넉넉히 들어가야 더욱 맛있는건 아시죠? 물이나 육수가 부글부글 끓으면 김치찌개 완성!김치찌개에는 돼지고기나 참치를 넣으면 더욱 맛이 좋지요?돼지고기를 넣으실때는 물 넣으실떄 같이 넣어 주신후돼지고기가 익으면 완성!~이번에는 돼지고기가 없어서담백한 네모모양의 델큐브 참치를 사용했어요. || 8. 두부와 대파도 조금 준비해 주셨다가 김치찌개가 보글보글 끓으면 두부와 대파를 살짝 얹으시고 불을 끄신후 식탁으로~,3686217_step_1.jpg; 3686217_step_2.jpg; 3686217_step_3.jpg; 3686217_step_4.jpg; 3686217_step_5.jpg; 3686217_step_6.jpg
6863296,초간단 불고기,한식,소불고기 400g 구매 | 식용유 약간 구매 | 물 1/4컵 구매 | 후추 약간 구매 | 송송 썬 쪽파 1대 구매 | 간장 3T 구매 | 물 2T 구매 | 설탕 2T 구매 | 청주 2T 구매 | 다진 파 1T 구매 | 다진 마늘 1T 구매 | 다진 생강 1/4T 구매 | 참기름 약간 구매,"1. 불고기는 먹기 좋은 크기로 썬다.소불고기 400g || 2. 양념장을 만든다.[양념] 간장 3T, 물 2T, 설탕 2T, 청주 2T, 다진 파 1T, 다진 마늘 1T, 다진 생강 1/4T, 참기름 약간 || 3. 불고기에 양념장을 넣고 잘 섞는다. || 4. 팬에 약간의 기름을 두르고 불고기를 익힌다.식용유 약간팬 || 5. 고기가 타지 않게 중간마다 물을 넣는다.물 1/4cup || 6. 후추를 약간 뿌린다.후추 약간 || 7. 구운 고기 위에 쪽파를 뿌린다.송송 썬 쪽파 1대",6863296_step_1.jpg; 6863296_step_2.jpg; 6863296_step_3.jpg; 6863296_step_4.jpg; 6863296_step_5.jpg; 6863296_step_6.jpg; 6863296_step_7.jpg
6984517,도시락 반찬으로 최고! 스팸감자조림♡,한식,감자 2개 구매 | 스팸 200g 구매 | 진간장 4스푼 구매 | 설탕 4스푼 구매 | 후추 조금 구매 | 올리고당 1스푼 구매 | 다진마늘 1스푼 구매 | 물 120ml 구매,"1. 감자는 깍뚝 썰어 2분 데쳐주세요강불 || 2. 스팸은 깍둑 썰어 팬에 노릇하게 구워줍니다 || 3. 삶은 감자,다진마늘1스푼을 넣어 살짝 볶아주세요중약불 || 4. 물120ml,진간장4스푼,설탕 4스푼,후추 조금을 넣고 뚜껑을 닫아 2분 끓여줍니다 || 5. 국물이 줄때까지 졸이다가 올리고당 1스푼을 넣고 잘 섞어 마저 졸여주시면 끝!^^",
6886357,"초간단 아이반찬 오징어간장조림 
아이밑반찬으로 좋아요",한식,작은오징어 1마리 구매 | 청양고추나꽈리고추 1개 구매 | 간장 3T 구매 | 맛술 0.5T 구매 | 다진마늘 1t 구매 | 생강가루 1번 구매 | 설탕 0.5T 구매 | 올리고당 1T 구매 | 참기름 1t 구매 | 통깨 톡톡 구매 | 물 6T 구매 | 후추 톡톡 구매,1. 통깨와참기름빼고위의분량대로 양념장을만들어주세요 양념장이 끓어오르면 || 2. 오징어를 넣어주세요(오징어는깨끗히 씻어서 먹기좋은 크기로잘라 미리준비해주세요) || 3. 청양고추나꽈리고추한개넣고 중불로졸여주세요(아이가맵다싶으면청양고추대신꽈리고추로넣어주세요청양고추한개정도넣으면약간매콤하면서 아이가먹을수는있겠더라구요 ~~^^) || 4. 마지막으로참기름과 통깨톡톡뿌려주믄완성이예요오징어를 두마리이상할때는위의양념은그대로하시고 양념장양을입맛에따라조절하세요~~~^^ || 5. 아이반찬 오징어간장조림 완성~~,6886357_step_1.jpg; 6886357_step_2.jpg; 6886357_step_3.jpg; 6886357_step_4.jpg; 6886357_step_5.jpg
6871953,【스팸감자볶음만들기】,한식,감자 중간사이즈 2개 구매 | 스팸 200g 구매 | 양파 1/2개 구매 | 진간장 2T 구매 | 물엿 2T 구매 | 물 3~4T 구매 | 식용유 1T 구매 | 참기름 1T 구매 | 도마 구매 | 조리용나이프 구매 | 냄비 구매 | 나무요리스푼 구매 | 프라이팬 구매 | 원형접시 구매,"1. 감자(중간사이즈)두개를 깍뚝 썰어서 물에 담궈 주시구요~ || 2. 스팸(200g짜리)이랑 양파반개도 마찬가지로 깍뚝 썰어 주세요~ || 3. 끓는물에 감자를 2분간 데쳐 주시구요~ || 4. 감자 데친물 그대로 스팸도 10초정도 담궈 첨가물을 빼주셔요^^ || 5. 팬에 식용유한스푼, 참기름 한스푼 넣고 감자를 볶아 주시다가 || 6. 양파를 넣고~ (당근을 넣으심 더이뻐요~당근을 넣으실땐 당근역시 1분정도 데쳐서 이때 넣어 주심 됩니다^^ 감자 데친 물그대로 감자->당근->스팸 순서로 데치심 되세요^^) || 7. 스팸넣어 볶아 주세요^^ 타지 않게 중불로 볶아 주세요^~^ || 8. 양파가 살짝 익었다 싶으실때 진간장2스푼,물3~4스푼,물엿2스푼 넣어서 볶으면서 졸여 주세요^~^ || 9. 요렇게 국물이 없어지면 불을끄고 잔열로 감자를 익혀 주심 됩니다^~^너무 오래 볶으시면 감자가 다부서 질수 있어요^^ || 10. 달달하면서 짭조름~~ 쏙쏙 골라먹는 재미가 굿이에용^~^ 재료도 간단,방법도 간단 오늘 저녁 반찬으로 어떠세용^~^ ※감자 볶음과 맑은 감자국 바로 가기☞@6866831",6871953_step_1.jpg; 6871953_step_2.jpg; 6871953_step_3.jpg; 6871953_step_4.jpg; 6871953_step_5.jpg; 6871953_step_6.jpg; 6871953_step_7.jpg; 6871953_step_8.jpg; 6871953_step_9.jpg; 6871953_step_10.jpg
6956266,500원 이면 밥한끼~ 뚝딱하는 팽이버섯조림~ 너무 맛있어용^^~,한식,팽이버섯 1봉지 구매 | 청양고추 1개 구매 | 식용유 2스푼 구매 | 다진마늘 1큰술 구매 | 고추가루 1/2스푼 구매 | 설탕 1스푼 구매 | 미림 2스푼 구매 | 진간장 1스푼 구매 | 굴소스 1/2스푼 구매 | 고추장 1/3스푼 구매 | 된장 1/3스푼 구매 | 물 2스푼 구매 | 물엿 1스푼 구매,1. 계량스푼은 집에서 사용하는 8cc 정도의 밥숟가락입니다.팽이버섯 1봉지~ 약 150g 을 봉지채로 아래에서 3cm 정도 부분을 그대로 썰어 줍니다~ 요래 썰어 주면 뿌리부분에 뿌스러기도 안떨어지고 처리하기가 좋아용~우리동네 팽이는 한봉지 180g 인데? 하시는분 걱정 마시고 그냥 다 쓰시면 됩니다~ 그정도 차이는 양념으로 커버 가능함!**사진과 설명으로 부족하신 분은 링크된 동영상 참고 해주세요. 두율이네 유툽 놀러 오시면 더많은 레시피와 최신 레시피를 더 빠르게 보실수 있습니다~ 구독해 주시면 땡큐~~ || 2. 버섯은 흐르는물에 가볍게 씻거나 찬물에 담궈서 10초 정도만 흔들어 주면서 먼지 같은거만 제거합니다~ 팽이버섯은 너무 오래 담그면 팽이 특유의 향이 날아갈 뿐만 아니라~ 아직 살아 있는 아이라~곧 찌지고 뽁아질 지 운명을 모르고 더 오래 장수 할라고 물을 쫙쫙~ 빨아 들여서 나중에 지질때 빨아 먹은 물까지 다 뱉아 내서 철때반죽이 됩니다~가볍게 씻어서 물을 탈탈 털어서 준비하세요~ || 3. 버섯을 찢어서 준비하세요~ 한번 찢을때 15줄기 정도가 붙어 있는 정도면 됩니다~ 그렇다고 세아리면서 시간을 보내지는 마시고 대충 찢으시면 됩니다~ 30줄기 40줄기라도 맛있어용~ || 4. 양념장을 분량대로 섞어서 준비 한 다음~후라이팬에 식용유 2스푼을 넣고 간마늘 1스푼 (20g)을부어서 약불에 천천히 노릇하게 튀겨주세요~양념 무게는 요요요~ 밑에 참고~------ 양념 ------고추가루 반스푼 (3~4g)설탕 1스푼(10g)미림 2스푼 (16g)진간장 1스푼 (8g)굴소스 반스푼 (5g)물엿 1스푼 (10g)고추장 1/3스푼 (10g)된장 1/3스푼 (10g)물2스푼 (16g) || 5. 마늘이 노릇해 졌으면 마늘기름을 후라이팬에 넓게~ 골고루 흩어서 편 다음 그 위에 팽이 버섯을 펼쳐서 올린 다음 불을 강불로 올리고 30초간 구워 줍니다~후라이팬은 좀 넓은걸 쓰세요~ 그래야 더 맛있어요~ 제가 쓴 후라이팬은 24cm 짜리에용~ 한뼘보다 조금 더 큰 싸이즈죠~ || 6. 뒤집어서 30초를 더 구워 주세요~ || 7. 앞뒤로~ 30초씩 총 1분을 지졌으면 양념장을 골고루 끼얹어 줍니다~ 양념을 끼얹고 1분 정도르 자글자글 끓여 주시면 되요~ 사실........저는 모양좀 잡을려고 저렇게 했는데 집에서 그냥 반찬으로 드실때는 마늘기름에 팽이넣고 그냥 대충 1분간 휘휘 저어가면서 볶은 다음에 양념장 뿌려서 1분간 또 대충 섞으면서 볶으시면 되요 ^^~누구한테 잘보일일 없어서 비쥬얼 필요 없이 먹을땐~ 대충 휘리릭 뽁으세용~ || 8. 청양고추를 1개 잘게 잘라서 뿌려서 올린 다음 30초 정도 더 구워 주세요~ 청양고추랑 같이 주서 먹으면 완전 맛있어요~청양고추 안올리시면 그냥 30초 더 구우시면 되요~ || 9. 밥한숟갈 입에 넣고~ 요렇게 양념 슥슥 뭍혀서 청양고추 한개 올리가 입에 넣어주믄 ㅜㅜ... 완전 맛있어용!~!,6956266_step_1.jpg; 6956266_step_2.jpg; 6956266_step_3.jpg; 6956266_step_4.jpg; 6956266_step_5.jpg; 6956266_step_6.jpg; 6956266_step_7.jpg; 6956266_step_8.jpg; 6956266_step_9.jpg
7052761,토마토간장샐러드 진짜 별거없는데 미치도록 맛있어요 7분 완성 초간단 샐러드,한식,토마토 2개 구매 | 상추 1/2장 구매 | 소금 2꼬집 구매 | 진간장 1/2큰술 구매 | 매실액 1/2큰술 구매 | 참기름 1/2큰술 구매 | 식초 1/2큰술 구매 | 다진마늘 1/2큰술 구매 | 대파 송송 썬 1/2큰술 구매 | 으깬통깨 1/2큰술 구매 | 도마 구매 | 조리용나이프 구매 | 소스볼 구매 | 계량스푼 구매 | 접시 구매,"1. 토마토는 깨끗이 씻어 반으로 잘라 먹기 좋게 일정한 크기로 썰어주세요도마,조리용나이프토마토 손질법 || 2. 상추 1/2장 잘게 잘게 썰어주세요상추 손질법 || 3. 분량의 양념재료 넣어 모두 잘 섞어주세요 진간장 1/2큰술, 매실액 1/2큰술 참기름 1/2큰술, 식초 1/2큰술 다진마늘 1/2작은술, 송송 썬 대파 1/2큰술소스볼,계량스푼 || 4. 가지런히 토마토를 접시에 담아준 뒤 소금 2~3꼬집 솔솔 뿌려 준 뒤 간장소스 주르륵~ 부어 상추, 으깬 통깨 올려주면 완성입니다접시",7052761_step_1.jpg; 7052761_step_2.jpg; 7052761_step_3.jpg; 7052761_step_4.jpg
6983042,쪽파계란말이 만들기-딸에게#,한식,계란 4개 구매 | 미림 1/2t 구매 | 참치액 1/2t 구매 | 쪽파 10줄기 구매 | 기름 적당량 구매,,
7030095,매운 어묵볶음 어묵 요리 맛있게 만들기,한식,어묵 200g 구매 | 대파 1/2대 구매 | 마늘 1T 구매 | 알룰로스 1T 구매 | 물 3~4T 구매 | 고춧가루 1.5T 구매 | 간장 1.5T 구매 | 소스볼 구매 | 계량스푼 구매 | 도마 구매 | 조리용나이프 구매 | 볶음팬 구매 | 조리주걱 구매 | 접시 구매,"1. 어묵 손질하기 전에 소스를 먼저 만들어요. 위에 양념을 넣고 고춧가루를 불려 주세요.소스볼,계량스푼 || 2. 어묵 200g을 젓가락질 하기 좋게 큼직하게 잘라주세요. 준비된 대파도 큼직하게 잘라주시면 됩니다.도마,칼어묵 손질법 || 3. 작은 팬에 식용유 1T를 넣어주고볶음팬중불 || 4. 달궈진 팬에 대파와 마늘을 넣고 향이 올라오게 1분 정도 중불에 볶아줍니다.중불 || 5. 대파와 마늘이 볶아지면 어묵을 넣고 약불에서 1분 정도 볶아 향신료의 향이 어묵에 스며들게 볶아줍니다.조리주걱약불 || 6. 만들어 둔 양념을 2/3만 먼저 넣고 1차 볶아 줍니다.약불 || 7. 볶다 간이 부족하면 나머지 양념을 넣어 줍니다. 위에 양념이 어묵 200g에 딱 맞는 양념 비율입니다.약불 || 8. 약불에서 2분 정도 양념이 타지 않게 볶아주고 수분이 부족하면 물을 조금씩 넣어 양념이 어우어지게 볶아줍니다. || 9. 촉촉한 어묵 볶음 완성입니다.접시",7030095_step_1.jpg; 7030095_step_2.jpg; 7030095_step_3.jpg; 7030095_step_4.jpg; 7030095_step_5.jpg; 7030095_step_6.jpg; 7030095_step_7.jpg; 7030095_step_8.jpg; 7030095_step_9.jpg
7005830,도토리묵김무침 레시피 아이반찬,한식,도토리묵 1/2모 구매 | 조미김 1봉 구매 | 진간장 1T 구매 | 설탕 0.5T 구매 | 참기름 1T 구매 | 통깨 구매 | 다진대파 1T 구매 | 도마 구매 | 비닐팩 구매 | 볼 구매,1. 도토리묵 반개만 사용해줍니다. 마트에서 판매하는 묵이라면 따뜻한 물에 데쳐서 사용해야 부들부들 탱글한 묵을 맛볼 수있어요. 묵은 아이들이 먹기 좋은 크기로 깍뚝썰어줍니다. || 2. 그리고 다진 대파 가득 1T정도 준비해주세요. || 3. 조미김 한봉을 잘게 부셔줍니다. || 4. 볼에 도토리묵과 다진 대파를 넣고 간을 해줄께요. || 5. 진간장 1T 넣어줍니다. || 6. 설탕도 0.5T 넣어줍니다. || 7. 참기름 1T 넣어주고 || 8. 깨도 듬뿍 넣어주세요. || 9. 그리고 부셔둔 김가루를 넣어준 후 잘 비벼주시면 아이반찬 탱글탱글 고소한 도토리묵김무침이 완성됩니다. 맛있게 드세요.,7005830_step_1.jpg; 7005830_step_2.jpg; 7005830_step_3.jpg; 7005830_step_4.jpg; 7005830_step_5.jpg; 7005830_step_6.jpg; 7005830_step_7.jpg; 7005830_step_8.jpg; 7005830_step_9.jpg
7064968,야채치즈계란말이 (남은재료 활용레시피 계란반찬),한식,계란 4개 구매 | 표고버섯 1개 구매 | 당근 1/5개 구매 | 청양고추 2개 구매 | 체다슬라이스치즈 2장 구매 | 참치액 1스푼 구매 | 소금 2꼬집 구매 | 후춧가루 톡톡 구매 | 식용유 2스푼 구매,"1. 표고버섯 1개는 밑동을 자른 후 키치타올로 톡톡 두드리면서 불순물을 제거하고 당근 1/5개는 껍질을 깐 후 표고버섯과 함께 잘게 썰고청양고추 2개는 깨끗하게 씻은 후 꼭지를 자른 후 잘게 송송 썰어준다표고버섯 1개, 당근 1/5개, 청양고추 2개도마,칼 || 2. 계란 4개에 참치액 1스푼, 소금 2꼬집, 후춧가루 톡톡 넣고 고루 섞어주면서 계란을 풀어준다계란 4개, 참치액 1스푼, 소금 2꼬집, 후춧가루 톡톡그릇,어른수저,포크 || 3. 풀어놓은 계란에 썰은 야채를 모두 넣고 고루 섞어준다썰은 표고버섯 1개, 썰은 당근 1/5개, 썰은 청양고추 2개그릇,포크 || 4. 후라이팬에 식용유 2스푼을 두르고 계란을 야간 부은 후 바닥이 익기시작하면 체다슬라이스치즈 1장을 올린후 끝에서부터 말아준다체다슬라이스치즈 1장, 계란물, 식용유 2스푼후라이팬,뒤집개중불 || 5. 치즈 1장이 다 말리면 계속 계란을 부어주고 체다슬라이스치즈 1장을 또 올려준 후 약불로 줄이고 계란을 말아준다계란, 체다슬라이스치즈 1장후라이팬,뒤집개중불 - 약불 || 6. 계란을 모두 부어 말았으면 불을 끈 후 잔열에 겉이 노릇하게 모양을 잡아주면서 마무리한다후라이팬,뒤집개 || 7. 계란말이는 도마위에 올려 한김식힌 후 적당한 두께로 썰어준다도마,칼 || 8. 접시에 담아 개인취향에 맞는 소스들을 곁들여 먹거나 그냥 먹어도 충분하다",7064968_step_1.jpg; 7064968_step_2.jpg; 7064968_step_3.jpg; 7064968_step_4.jpg; 7064968_step_5.jpg; 7064968_step_6.jpg; 7064968_step_7.jpg; 7064968_step_8.jpg
7007585,베이컨감자채볶음,한식,감자 2개 구매 | 베이컨 1팩 구매 | 대파 약간 구매 | 통깨 1스푼 구매 | 소금 약간 구매 | 양파 1개 구매 | 도마 구매 | 조리용나이프 구매 | 프라이팬 구매 | 요리젓가락 구매 | 요리스푼 구매 | 플레이팅접시 구매,1. 베이컨감자채볶음를 소개합니다. || 2. 채썬감자는 물로 1분정도 담궈둔후 전분을 모두 제거해줍니다. || 3. 베이컨을 채썰어서 준비합니다. || 4. 후라이팬에 기름을 넉넉하게 두른후 감자가 투명해 질때까지 볶아주세요.어느정도 감자가 투명하게 볶아지면 대파와 양파를 송송 썰어서 넣어주세요. || 5. 감자채베이컨볶음이 완성이 되었습니다.,7007585_step_1.jpg; 7007585_step_2.jpg; 7007585_step_3.jpg; 7007585_step_4.jpg; 7007585_step_5.jpg
7066706,하얀 콩나물무침 레시피 콩나물무침 만들기,한식,삶은 콩나물 200g 구매 | 다진 마늘 1작은술 구매 | 대파 썬 것 2큰술 구매 | 참치액 1작은술 구매 | 통깨 1작은술 구매 | 참기름 1작은술 구매 | 꽃소금 1작은술 구매,1. 콩나물은 100g당 30~35kcal로 낮으면서 숙취해소와 피로회복에도움이 된다고 하니 자주 만들어 먹으면 좋을 것 같지요오늘은 하얗게 만든 콩나물무침 콩나물 삶아서 김치국 끓일 때콩나물 삶은 물 넣어준다고 물양을 넉넉하게 한 다음 삶아서 만들었어요 || 2. 콩나물 300g 한 봉지 삶아서 김치 콩나물국 끓이면서조금 덜어서 콩나물무침 만들었어요콩나물국 끓이려고 물을 넉넉히 넣어 삶은 콩나물무침입니다콩나물은 물을 가득 받아서 깨끗하게 2~3번 헹구어 건져 놓았어요 || 3. 김치 콩나물국 끓일 때 삶은 콩나물 건져서 찬물에 헹구어 볼에 담고다진 마늘 1작은술과 대파 썬 것 넣고요 || 4. 참치 액 1작은술과 통깨 1작은술과 참기름 1작은술을 넣어줍니다 || 5. 하얀 콩나물무침은 양념도 간단해요모든 양념 넣고 한번 휘리릭 무친 다음 간을 보고부족한 간은 꽃소금 넣어 무쳐주면 하얀 콩나물무침 만드는 법하얀 콩나물무침 레시피 완성입니다 || 6. 완성 접시에 콩나물무침 담고 통깨 솔솔 뿌려주면아삭하고 담백한 콩나물무침 완성입니다 || 7. 반찬 없을 때 만만하게 만들 수 있는 콩나물 요리갓 지은 밥에 콩나물 올리고 고추장 넣고 계란프라이한 개 올려 슥슥 비벼 먹으면 한 그릇 요리로 맛있게 먹을 수 있어요 || 8. 오늘은 뭘 먹지 고민되신다고요콩나물 한 봉지만 있으면 국도 끓이고 나물로 만들어 드시면한 가지 재료로 두 가지 요리를 할 수 있어요맛있게 만들어 드세요~!~,7066706_step_1.jpg; 7066706_step_2.jpg; 7066706_step_3.jpg; 7066706_step_4.jpg; 7066706_step_5.jpg; 7066706_step_6.jpg; 7066706_step_7.jpg; 7066706_step_8.jpg
6988709,차가워도 맛있는 추억의 급식달걀찜,한식,달걀 7개 구매 | 당근 1/4개 구매 | 양파 1/4개 구매 | 쪽파 4대 구매 | 참치액 1숟가락 구매 | 맛술 1숟가락 구매 | 소금 1/4숟가락 구매 | 통깨 1/2숟가락 구매 | 물 200ml 구매,"1. 당근을 작게 다져요. || 2. 양파도 작게 다져요. || 3. 쪽파는 얇게 송송 썰어요. || 4. 달걀을 풀어요. || 5. 맛술, 참치액, 소금을 넣고 섞어요. || 6. 물을 넣고 섞어요. || 7. 달걀물을 체에 걸러요.체 || 8. 달걀찜 용기에 기름을 발라요. || 9. 달걀물을 부어요. || 10. 다져 놓은 채소와 깨를 넣어요. || 11. 김이 오른 찜기에 넣고 20분간 중불로 쪄요.찜기 || 12. 한 김 식으면 꺼내서 썰어요.",6988709_step_1.jpg; 6988709_step_2.jpg; 6988709_step_3.jpg; 6988709_step_4.jpg; 6988709_step_5.jpg; 6988709_step_6.jpg; 6988709_step_7.jpg; 6988709_step_8.jpg; 6988709_step_9.jpg; 6988709_step_10.jpg; 6988709_step_11.jpg; 6988709_step_12.jpg
6951564,간단하게 맛난 반찬 만들기 '베이컨 버섯볶음',한식,베이컨 5~6줄 구매 | 양파 1/2개 구매 | 미니새송이버섯 7개 구매 | 다진마늘 1t 구매 | 굴소스 1t 구매,1. 버섯과 양파를 잘라줍니다. || 2. 올리브유를 두르고 양파와 다진마늘을 볶아줍니다.일반 식용유로 해도 상관없습니다~ || 3. 마늘향이 올라오면 베이컨을 넣어 볶아줍니다. || 4. 베이컨들이 다 떨어지면 버섯을 넣고 내가 좋아하는 식감까지 볶아줍니다. || 5. 굴소스를 넣어 줍니다! (채소의 양이 적다면 1/2스푼만 넣어주세요.)굴소스를 넣지 않아도 베이컨에 간이 되어 있어서 맛있답니다~ || 6. 그릇에 담아 맛있게 먹어줍니다ㅎㅎ,6951564_step_1.jpg; 6951564_step_2.jpg; 6951564_step_3.jpg; 6951564_step_4.jpg; 6951564_step_5.jpg; 6951564_step_6.jpg
6946282,깐풍기맛 나는 깐풍두부!,한식,두부 1모 구매 | 대파 구매 | 청양고추 2개 구매 | 물 2T 구매 | 굴소스 2T 구매 | 식초 2T 구매 | 고춧가루 1T 구매 | 다진마늘 1T 구매 | 설탕 1T 구매 | 진간장 1T 구매,"1. 두부를 먹기 좋은 한 입 크기로 잘라 모든면을 노릇하게 구워주세요!한 입크기로 잘라야 양념이 골고루 잘 밴답니다!취향껏 이지만 너무 크게 자르시면 양념이 고루 배지 않을거에요! || 2. 두부가 구워지는 동안 물, 굴소스, 식초, 진간장, 설탕, 고춧가루, 다진마늘을 섞어 양념장을 만들어 줍니다. || 3. 두부가 노릇 바삭하게 구워지면 양념장과 썰어둔 대파 청양고추를 넣고 2분정도 잘 볶아 주세요.약불양념장이 따로노는 것 같은 느낌이 들면 물을 2T더 넣어 볶아주세요. || 4. 끝~ㅎㅎ 그릇에 담아 맛있게 먹어주세요!",6946282_step_1.jpg; 6946282_step_2.jpg; 6946282_step_3.jpg; 6946282_step_4.jpg
6969724,일본가정식 이모모찌 (감자떡),한식,감자 4개 구매 | 전분 2~3T 구매 | 우유 2T 구매 | 식용유 1T 구매 | 간장 2T 구매 | 설탕 2T 구매 | 미림 2T 구매,"1. 감자를 적당한 사이즈로 자른뒤 끓여주세요.(감자를 으깨서 감자떡 만들기 위한 작업)시간이 없으실경우, 그릇에 감자 자른거 넣고 랩으로 둘러싼뒤(소량의 물넣고) 전자렌지 5~7분정도 돌려주시면 돼요. || 2. 익은 감자를 으깬뒤 전분&우유(혹은 식용유를 넣어도 됨.)를 넣어 먹기좋은 사이즈 만들어주셔요. || 3. 후라이팬에 식용유를 두른뒤 감자떡 양면을 구워주세요. || 4. 감자 양면 익었으면 간장,설탕,미림을 1:1:1 비율로 해서 졸여주세요.(감자 따로 빼지 마시고 후라이팬에 둔 상태에서 양념 들이부어 졸이면 됩니다.) || 5. 소스가 졸아들면 이모모찌(감자떡) 완성 !!!* 그대로 드셔도 맛있지만 버터 한조각 잘라서 넣어 먹음 더 맛있어요. 홋카이도에서는 밥 반찬으로도 먹지만 보통 회전초밥집 가면 사이드디쉬로 많이들 먹어요(*´-`)",6969724_step_1.jpg; 6969724_step_2.jpg; 6969724_step_3.jpg; 6969724_step_4.jpg; 6969724_step_5.jpg
6841156,"다이어트를 결심한 당신에게, “닭가슴살 부추냉채무침”",한식,닭가슴살 1캔 구매 | 부추 10뿌리 구매 | 파프리카 1/4개 구매 | 오이 1/2개 구매 | 양파 1/2개 구매 | 당근 1/5개 구매 | 다진마늘 1큰술 구매 | 설탕 2큰술 구매 | 매실청 3큰술 구매 | 간장 1큰술 구매 | 식초 3큰술 구매 | 연겨자 1큰술 구매 | 레몬 1/2개 구매,"1. 오이(1/2), 양파(1/2), 당근(1/5)을 먹기좋게 썰어 믹싱볼에 담는다 || 2. 부추(10뿌리), 파프리카(1/4) 썰어넣은 후, 닭가슴살(1캔)을 통째로 믹싱볼에 넣는다. || 3. 양념으로 다진마늘(1큰술), 설탕(2큰술), 매실청(3큰술), 간장(1큰술), 식초(3큰술), 연겨자(1큰술), 레몬(1/2) 즙을 넣고 잘 버무려줍니다. || 4. 무친 닭가슴살과 채소, 양념을 접시에 담아낸다.",6841156_step_1.jpg; 6841156_step_2.jpg; 6841156_step_3.jpg; 6841156_step_4.jpg
6933414,#최애반찬#소세지강정,한식,비엔나 소세지 30개 구매 | 양파 1개 구매 | 캐첩 5큰술 구매 | 간장 1스푼 구매 | 설탕 1스푼 구매 | 식초 1스푼 구매 | 굴소스 1스푼 구매 | 올리고당 1스푼 구매,"1. 소세지 슥슥 칼집을 넣어주세요. || 2. 끓는 물에 살짝 데쳐 주세요.데쳐주면 기름기도 빠지고 칼집도 선명해진답니다. || 3. 캐첩 5스푼, 간장 1스푼, 굴소스 1스푼, 설탕 1스푼, 식초 1스푼을 넣고 양념장을 만들어 주세요.다진마늘을 약간 넣어주면 양념치킨 맛이 나요. || 4. 달군팬에 양파 등을 볶아주세요. || 5. 데친 소세지를 넣어주세요. || 6. 양념장을 넣고 달달 볶아주세요. || 7. 윤기 및 달달한 맛을 추가하기 위해 올리고당 한바퀴만 둘러주면 밥도둑 최애반찬 완성입니다.",6933414_step_1.jpg; 6933414_step_2.jpg; 6933414_step_3.jpg; 6933414_step_4.jpg; 6933414_step_5.jpg; 6933414_step_6.jpg; 6933414_step_7.jpg
6834258,초간단 연두부반찬,한식,연두부 구매 | 다진파 구매 | 다진청양고추 구매 | 다진마늘 구매 | 간장 1~2스푼 구매 | 고춧가루 조금 구매 | 깨소금 조금 구매 | 참기름 구매,"1. 마늘, 청양고추, 파는 다져 놓고 || 2. 그릇에 담고 || 3. 간장 1~2스푼, 고춧가루 조금, 깨소금 조금 넣고 || 4. 잘 섞어준 다음 마지막으로 참기름 넣고 섞어주면 양념장 끝. || 5. 연두부 위에 || 6. 솔솔 부어주면 연두부 양념장 만들기 완성.",6834258_step_1.jpg; 6834258_step_2.jpg; 6834258_step_3.jpg; 6834258_step_4.jpg; 6834258_step_5.jpg; 6834258_step_6.jpg
6977503,"""시금치나물""",한식,시금치 1단 구매 | 소금 1숟가락 구매 | 간장 1스푼 구매 | 참치액 1스푼 구매 | 참기름 2스푼 구매 | 다진마늘 1스푼 구매 | 볶은소금 약간 구매 | 통깨 약간 구매,"1. 시금치 시든 잎 다듬고 밑동 부분 + 칼 집을 넣어 갈라준다 || 2. 끓는 물에 소금 1 숟가락 넣고시금치를 넣은 후 30초 정도 데쳐준다 || 3. 흙이 나오지않게 충분히 헹궈물기를 적당히 꾹~ 짜서 볼에 담아준다 || 4. 간장,참치액,다진마늘,통깨 넣고 소금은 입맛에 맞게 넣어준다 || 5. 간이 골고루 베이게 무쳐준다 || 6. 그릇에 담아낸다",6977503_step_1.jpg; 6977503_step_2.jpg; 6977503_step_3.jpg; 6977503_step_4.jpg; 6977503_step_5.jpg; 6977503_step_6.jpg
6952025,무볶음 만들기,한식,무 1/2쪽 구매 | 대파 약간 구매 | 들기름 3스푼 구매 | 맛소금 1t 구매 | 마늘 1스푼 구매 | 깨 1스푼 구매,1. 재료 준비해볼까요?무는 하얀색부분으로 반쪽을 준비해주세요대파는 약간 채썰어주세요대파경우 없어도 상관없어요 || 2. 무를 얇게 채 썰어주세요 || 3. 후라이팬에 들기름3스푼 넣어주세요 || 4. 대파약간 마늘1스푼 넣고 볶아주세요파향이 나도록 볶아주세요 || 5. 중불로 시작하세요무를 가득 넣어주세요볶아주세요 || 6. 맛소금 1t 넣어주세요작게 맛소금을 넣어주시고 간은 나중에 하시면 좋아요~^^볶아주세요 || 7. 충분히 볶아주세요 || 8. 충분히 볶으면 옆그림처럼 무의 물이 나와요~이때 약불로 바꿔주세요 || 9. 약불로 하셨으면 뚜껑을 닫아주세요~^^1분정도 지나면 가스를꺼주세요 || 10. 뚜껑을 열면 무가 맛있게 익었어요마지막 깨1스푼 넣고 예쁘게 담아주세요 || 11. 맛있게 드심 완성~^^,6952025_step_1.jpg; 6952025_step_2.jpg; 6952025_step_3.jpg; 6952025_step_4.jpg; 6952025_step_5.jpg; 6952025_step_6.jpg; 6952025_step_7.jpg; 6952025_step_8.jpg; 6952025_step_9.jpg; 6952025_step_10.jpg; 6952025_step_11.jpg
6840157,자취라이프 평범한 단무지도 양념에 무쳐서 맛있게 먹자,한식,단무지 260g 구매 | 대파 손가락 길이 1줄 구매 | 통깨 1숟가락 구매 | 고추가루 1숟가락 구매 | 참기름 또는 들기름 1숟가락 구매 | 올리고당 1숟가락 구매,"1. 재료를 준비합니다.단무지 1팩, 대파를 짧게 어슷 썰어줍니다. || 2. 그릇에 통깨를 1숟가락 넣어줍니다. || 3. 꿀 뜨는 도구로 깨를 빻아줍니다.(통깨는 몸에 흡수가 많이 되지 않아 빻아서 드시는게 몸에 더 흡수가 되어서 으깨 먹습니다. || 4. 볼에 깨를 으깨서 넣고 고추가루1숟가락을 넣습니다. || 5. 참기름 또는 들기름 1숟가락을 넣어줍니다.저는 고소한 참기름을 좋아해요~ 들기름이 몸에는 더 좋다고 합니다. || 6. 올리고당을 1숟가락 조금 안되게 넣어 줍니다. || 7. 잘라 놓은 대파를 넣어 줍니다. || 8. 단무지는 입맛에 맞게 잘라줍니다.저는 반달 모양을 반으로 잘라줬어요.동그란거의 1/4 모양이라고 생각 하심 됩니다. || 9. 양념장에 물기를 짜서 넣어줍니다. || 10. 양념과 대파가 어우러지게 무쳐줍니다.",6840157_step_1.jpg; 6840157_step_2.jpg; 6840157_step_3.jpg; 6840157_step_4.jpg; 6840157_step_5.jpg; 6840157_step_6.jpg; 6840157_step_7.jpg; 6840157_step_8.jpg; 6840157_step_9.jpg; 6840157_step_10.jpg
7009944,오이고추된장무침 (사계절 먹기좋은 밑반찬 고추무침 5분 레시피),한식,오이고추 7개 구매 | 된장 1스푼 구매 | 고추장 0.5스푼 구매 | 참기름 1스푼 구매 | 올리고당 0.5스푼 구매 | 통깨 1스푼 구매 | 믹싱볼 구매 | 숟가락 구매 | 도마 구매 | 조리용나이프 구매 | 접시볼 구매,"1. 볼에 된장 양념을 모두 넣고 골고루 섞어준다믹싱볼,숟가락 || 2. 오이고추는 깨끗하게 씻어 꼭지를 떼어 낸 후 한 입 크기로 썰어준다도마,조리용나이프 || 3. 잘 섞어 놓은 된장 양념에 오이고추를 모두 넣어준다 || 4. 수저로 저어가면서 고루 무쳐준다",7009944_step_1.jpg; 7009944_step_2.jpg; 7009944_step_3.jpg; 7009944_step_4.jpg
6910228,배추나물 무침 만드는법 다이어트 반찬,한식,속배추 300g 구매 | 소금 1ts 구매 | 국간장 1ts 구매 | 참기름 1ts 구매 | 참깨 1ts 구매,"1. 먼저 속배추 10장정도를 너무 얇지 않은 사이즈로 잘라주세요 || 2. 그리고 살짝 데쳐줄거에요 너무 많이 데치면 식감이 떨어지기 때문에 살짝 데쳐주면 된답니다:) || 3. 배추가 부드러워지면 체에 건져내어 물기를 빼줍니다 체에 받혀 놓고 조금만 시간이 지나면 물기가 빠지는데요일부러 손으로 짜지 마세요 뭉개져서 맛이 없어요^^;; || 4. 물기를 뺀 배추를 볼에 담고 이제 양념을 해주면 되는데요 소금 1ts과 국간장 1ts, 참기름 1t을 넣어서 조물 조물 해주세요 || 5. 마지막으로 통깨 1ts을 넣어 마무리 해 줍니다:) || 6. 너무 쉽고 간단해서 10분이면 만드실 수 있으실거에요 ㅎㅎ 보통 배추는 겉절이를 많이들 해 드시잖아요 그런데 이렇게 데쳐서 무쳐 먹으면 아이들도 잘 먹고 다이어트에도 참 좋아요:)",6910228_step_1.jpg; 6910228_step_2.jpg; 6910228_step_3.jpg; 6910228_step_4.jpg; 6910228_step_5.jpg; 6910228_step_6.jpg
7028655,참기름 스팸김치볶음 레시피,한식,김치 1/4포기 구매 | 스팸 200g 구매 | 식용유 2T 구매 | 고춧가루 1T 구매 | 간장 1T 구매 | 설탕 1T 구매 | 올리고당 1T 구매 | 참기름 2T 구매 | 통깨 1T 구매 | 도마 구매 | 조리용나이프 구매 | 프라이팬 구매 | 조리주걱 구매 | 반찬통 구매,"1. 김치는 쫑쫑 썰어 준비합니다.도마,조리용나이프 || 2. 달군 프라이팬에 식용유 둘러주세요.프라이팬 || 3. 스팸은 으깨거나 깍뚝썰기해서 넣어 주세요.조리주걱 || 4. 스팸이 살짝 노릇해지면 김치를 모두 넣습니다. || 5. 가스레인지 불을 중불로 해주시고, 설탕 1T 넣어주세요. || 6. 고춧가루 1T 들어갑니다. || 7. 간장 1T 넣어주세요. || 8. 올리고당 1T 넣어주시면 됩니다. 그리고 나서, 김치가 다 익을 때까지 충분히 볶아 주세요. || 9. 김치가 다 익었으면 가스레인지 불을 끄고, 참기름 2T 넉넉하게 둘러 주세요. || 10. 통깨 뿌려주시면 완성입니다.",7028655_step_1.jpg; 7028655_step_2.jpg; 7028655_step_3.jpg; 7028655_step_4.jpg; 7028655_step_5.jpg; 7028655_step_6.jpg; 7028655_step_7.jpg; 7028655_step_8.jpg; 7028655_step_9.jpg; 7028655_step_10.jpg
7017809,시금치 계란 볶음 레시피 다이어트 반찬,한식,시금치 150g 구매 | 계란 4개 구매 | 버터 20g 구매 | 다진 마늘 1T 구매 | 소금 약간 구매 | 올리브유 1T 구매 | 소금 1꼬집 구매 | 채반 구매 | 볼 구매 | 조리용젓가락 구매 | 프라이팬 구매 | 조리용스푼 구매 | 접시 구매,"1. 먼저 시금치는 흐르는 물에 깨끗이 씻어줍니다.채반 || 2. 볼에 계란 4개를 풀어준 후 소금 한 꼬집 넣어 간을 해줍니다.볼 || 3. 달군 팬에 올리브유를 두르고 계란물을 부어 스크램블 해주세요. 계란이 익기 전에 젓가락으로 마구마구 저어가면서 몽글몽글하게 스크램블 에그를 만들어줍니다. 스크램블 에그는 80% 정도만 익혀주세요.프라이팬,조리용젓가락 || 4. 계란이 80% 로만 익으면 따로 접시에 담아줍니다.접시 || 5. 이제 다시 팬에 버터와 다진 마늘을 넣고 버터에 마늘을 익혀주세요.조리용스푼 || 6. 깨끗이 씻어둔 시금치를 모두 넣고 볶아줍니다. 소금 약간 넣고 달달 볶다가 시금치의 숨이 죽으면 || 7. 미리 만들어둔 스크램블 에그를 넣고 살짝만 볶아주면 백종원 시금치볶음 완성입니다.",7017809_step_1.jpg; 7017809_step_2.jpg; 7017809_step_3.jpg; 7017809_step_4.jpg; 7017809_step_5.jpg; 7017809_step_6.jpg; 7017809_step_7.jpg
6983882,소떡강정 만드는 법 소떡소떡보다 만들기 쉬운 소떡강정레시피,한식,비엔나소세지 300g 구매 | 떡볶이떡 2줌 구매 | 식용유 적당량 구매 | 통깨 적당량 구매 | 고추장 1T 구매 | 간장 1T 구매 | 다진마늘 1T 구매 | 설탕 2T 구매 | 올리고당 2T 구매 | 케첩 3T 구매,1. 분량의 강정양념을 만들어주세요. || 2. 떡은 물에 한번 헹궈서 준비해주시고 냉동떡은 해동후 사용해주세요. || 3. 팬에 기름을 넉넉하게 두르고 떡과 소세지를 넣어주세요. || 4. 후 떡이 몰랑몰랑 잘 익을때까지 기름에 노릇하게 튀기듯이 볶아주세요. || 5. 떡과 소세지가 잘 익으면 만들어뒀던 강정양념을 넣어주세요. || 6. 골고루 잘 양념이 베이도록 약불에서 휘리릭 볶아주세요. || 7. 양념이 잘 베이게 볶았다면 마무리로 통깨 넉넉하게 뿌려주세요. || 8. 소떡소떡꼬치보다 만들기 쉬운 소떡 강정이었어요.젓가락으로 콕콕 찍어드세요.,6983882_step_1.jpg; 6983882_step_2.jpg; 6983882_step_3.jpg; 6983882_step_4.jpg; 6983882_step_5.jpg; 6983882_step_6.jpg; 6983882_step_7.jpg; 6983882_step_8.jpg
7023485,고추장 냉이무침 입안에 봄이 가득 맛있는 냉이요리 냉이손질법 냉이나물,한식,냉이 100g 구매 | 대파 1/4개 구매 | 소금 1/2큰술 구매 | 범일 고추장 1/2큰술 구매 | 간장 1/2큰술 구매 | 매실액 1/2큰술 구매 | 식초 1/2큰술 구매 | 다진마늘 1작은술 구매 | 참기름 1큰술 구매 | 통깨 1/2큰술 구매 | 조리용나이프 구매 | 냄비 구매 | 조리주걱 구매 | 소스볼 구매 | 스푼 구매 | 믹싱볼 구매 | 찬기 구매,"1. 시든 잎은 제거하고 뿌리의 잔털과 흙은 칼등으로 살살 긁어주세요.조리용나이프냉이 손질법 레시피 || 2. 끓는 물에 소금을 넣고 손질할 냉이를 1분 30초간 데쳐주세요.냄비,조리주걱 || 3. 분량의 양념을 섞어 양념장을 만들어주세요.소스볼,스푼 || 4. 양념과 참기름을 넣고 무쳐 완성해주세요.믹싱볼",7023485_step_1.jpg; 7023485_step_2.jpg; 7023485_step_3.jpg; 7023485_step_4.jpg
7013562,새송이버섯볶음 간장버섯조림 어린이 밑반찬,한식,새송이버섯 1봉지 구매 | 대파 1/4대 구매 | 식용유 3큰술 구매 | 진간장 3.5큰술 구매 | 올리고당 2큰술 구매 | 다진마늘 1/2큰술 구매 | 참기름 1큰술 구매 | 깨소금 1/2큰술 구매 | 식용유 3큰술 구매 | 도마 구매 | 조리용나이프 구매 | 볶음팬 구매 | 요리스푼 구매 | 완성접시 구매,"1. 새송이 버섯의 밑동을 자르고 살짝 털어 준비해주세요, 버섯은 물에 세척하지 않아도 됩니다 || 2. 버섯은 2cm의 넓이로 잘라 벌집무늬로 칼집을 넣어주세요도마,조리용나이프 || 3. 기름을 3큰술 두른 팬에 버섯을 볶아주는데 이때 불은 강불입니다볶음팬 || 4. 처음엔 버섯이 기름을 다 먹어 뻣뻣한 느낌이 들지만 계속 볶다보면 버섯에서 수분이 나오기 시작해요. 그 수분까지 날려가며 강불로 버섯이 노릇해지도록 볶아주세요요리스푼 || 5. 버섯의 면이 노릇해졌을 때 불을 중약불로 줄이고 간장 3.5큰술 넣어 간장이 잘 배이게 천천히 조려주세요 || 6. 버섯이 간장을 머금어 잘 조려졌을 때쯤 올리고당 2큰술, 다진마늘 1/2큰술 넣어 짧게 볶아주세요 || 7. 대파는 1/4대 큼직하게 썰어 넣어 볶아주세요 || 8. 깨소금 1/2큰술, 참기름 1큰술 둘러 마무리 해주세요",7013562_step_1.jpg; 7013562_step_2.jpg; 7013562_step_3.jpg; 7013562_step_4.jpg; 7013562_step_5.jpg; 7013562_step_6.jpg; 7013562_step_7.jpg; 7013562_step_8.jpg
6843136,달콤 짭조름♡ 떡 베이컨 간장조림♡,한식,베이컨 구매 | 대파 구매 | 떡 구매 | 간장 구매 | 참기름 구매 | 물엿 구매 | 기름 구매,"1. 대파에 떡국떡 (가래떡, 떡볶이떡) 베이컨 || 2. 기름두르고 볶듯구워요.(튀기듯하면 더 맛있습니다) || 3. 간장.물엿.참기름을 넣어 볶아요. 간장 한스푼, 물엿 넉넉히, 참기름한스푼(이런 느낌 비율로. ) || 4. 볶아주며 졸입니다. || 5. 국물없게끔 졸여야 맛있어용: ) || 6. 깨도 뿌리고 한번 볶아준 후 끝. || 7. 완성^^",6843136_step_1.jpg; 6843136_step_2.jpg; 6843136_step_3.jpg; 6843136_step_4.jpg; 6843136_step_5.jpg; 6843136_step_6.jpg; 6843136_step_7.jpg
6978052,"[아기식단/아기반찬] ""홍양갱의 밤 - 우리아기 밥도둑 애호박 느타리버섯볶음""",한식,느타리버섯 1줌 구매 | 애호박 1/4개 구매 | 양파 1/4개 구매 | 참기름 1T 구매 | 깨소금 1/2T 구매,"1. 먼저 느타리버섯은 깨끗이 씻어서 반으로 썰고 손으로 잘게 찢어서 준비해주세요. || 2. 양파와 애호박은 채를 썰어서 준비해주세요.양파는 반으로 썰어서 채를 썰어주었어요. || 3. 기름을 두른 팬에 양파와 애호박을 먼저 볶아주세요.중불 || 4. 양파와 애호박이 투명해 질 때쯤 버섯을 넣어주시면 됩니다.중불 || 5. 양파와 애호박 버섯을 볶아주시다가 참기름 1T, 깨소금 1/2T를 넣고 잘 섞어주세요.중불 || 6. 이번주 울애기 밥도둑이 될 애호박느타리버섯볶음~!맛있게 먹어주니 저도 너무 기분 좋네요.여러분들도 한번 도전해보세요~!",6978052_step_1.jpg; 6978052_step_2.jpg; 6978052_step_3.jpg; 6978052_step_4.jpg; 6978052_step_5.jpg; 6978052_step_6.jpg
7068321,시금치나물 이렇게 만들어 보세요 시금치들깨나물무침,한식,시금치 섬초 500g 구매 | 다진마늘 1/2T 구매 | 참치액 또는 국간장 1.5T 구매 | 고운들깨가루 듬쁙 2T 구매 | 들기름 1T 구매 | 참기름 1T 구매 | 갈은깨 듬쁙 1T 구매 | 된장 1/2T 구매 | 소금 1/6T 구매,1. 시금치는 섬초로 500g 준비했습니다. 누런잎 제거하고 뿌리부분은 살짝만 제거하고 시금치를 먹기 좋게 가닥가닥 뜯어줍니다. || 2. 손질한 시금치는 세척후 체에 받쳐준비합니다. || 3. .냄비에 물을 넣고 센불에서 끓어오르면 굵은소금(반숟가락정도) 넣고 시금치를 넣은후재빨리 뒤집어준후....바로 꺼내서 찬물에 헹궈줍니다.**시금치나물은 끓는물에 넣다가 바로 빼는 느낌으로 데쳐야 아삭하답니다. || 4. 데친 시금치를 손으로 물기를 짠후 먹기 좋게 썰어줍니다. || 5. 그릇에 다진마늘1/2T.참치액1T반(또는 국간장). 고운들깨가루2T듬쁙. 들기름1T.참기름1T.갈은깨1T 듬쁙. 된장1/2T. 소금1/6T정도 넣고 골고루 섞어줍니다.**된장의 짠정도에 따라 소금의 양은 조절해야합니다. 처음에는 소금을 소량만 넣고...무친후 드셔보셔서 소금추가하시는것이 좋습니다. || 6. 준비한 양념장에 손질한 시금치 넣고 조물조물 무치면 완성입니다.,7068321_step_1.jpg; 7068321_step_2.jpg; 7068321_step_3.jpg; 7068321_step_4.jpg; 7068321_step_5.jpg; 7068321_step_6.jpg
7009944,오이고추된장무침 (사계절 먹기좋은 밑반찬 고추무침 5분 레시피),한식,오이고추 7개 구매 | 된장 1스푼 구매 | 고추장 0.5스푼 구매 | 참기름 1스푼 구매 | 올리고당 0.5스푼 구매 | 통깨 1스푼 구매 | 믹싱볼 구매 | 숟가락 구매 | 도마 구매 | 조리용나이프 구매 | 접시볼 구매,"1. 볼에 된장 양념을 모두 넣고 골고루 섞어준다믹싱볼,숟가락 || 2. 오이고추는 깨끗하게 씻어 꼭지를 떼어 낸 후 한 입 크기로 썰어준다도마,조리용나이프 || 3. 잘 섞어 놓은 된장 양념에 오이고추를 모두 넣어준다 || 4. 수저로 저어가면서 고루 무쳐준다",7009944_step_1.jpg; 7009944_step_2.jpg; 7009944_step_3.jpg; 7009944_step_4.jpg
6993517,새송이버섯버터굴소스볶음 간단반찬,한식,미니새송이버섯 1팩 구매 | 버터 20g 구매 | 굴소스 1T 구매 | 진간장 0.5T 구매 | 통깨 약간 구매,1. 새송이버섯은 길게 편 썰어 주세요 || 2. 팬을 달군 후 버터 20그램을 녹여줍니다 || 3. 버터가 녹으면 새송이 버섯을 넣어서 볶아 주세요 || 4. 버섯이 반쯤 익었을 때 간을 해 줍니다. 굴소스 1스푼 넣어줍니다 || 5. 진간장도 0.5T 넣어 줍니다 || 6. 통깨도 넣어서 섞어 줍니다 || 7. 미니 새송이버섯 버터굴소스볶음 완성입니다.,6993517_step_1.jpg; 6993517_step_2.jpg; 6993517_step_3.jpg; 6993517_step_4.jpg; 6993517_step_5.jpg; 6993517_step_6.jpg; 6993517_step_7.jpg
6984517,도시락 반찬으로 최고! 스팸감자조림♡,한식,감자 2개 구매 | 스팸 200g 구매 | 진간장 4스푼 구매 | 설탕 4스푼 구매 | 후추 조금 구매 | 올리고당 1스푼 구매 | 다진마늘 1스푼 구매 | 물 120ml 구매,"1. 감자는 깍뚝 썰어 2분 데쳐주세요강불 || 2. 스팸은 깍둑 썰어 팬에 노릇하게 구워줍니다 || 3. 삶은 감자,다진마늘1스푼을 넣어 살짝 볶아주세요중약불 || 4. 물120ml,진간장4스푼,설탕 4스푼,후추 조금을 넣고 뚜껑을 닫아 2분 끓여줍니다 || 5. 국물이 줄때까지 졸이다가 올리고당 1스푼을 넣고 잘 섞어 마저 졸여주시면 끝!^^",
7025833,매운빨간콩나물무침 레시피 매일반찬,한식,콩나물 300g 구매 | 대파 1/2대 구매 | 고추가루 1.5T 구매 | 맛소금 1/3T 구매 | 멸치액젓 1T 구매 | 국간장 1T 구매 | 참기름 1T 구매 | 통깨 구매 | 볼 구매 | 채반 구매 | 냄비 구매 | 도마 구매 | 조리용나이프 구매 | 위생장갑 구매 | 접시 구매,"1. 콩나물 300G을 잘 세척해 끓는 물에 넣고 3~4분정도 삶아줍니다.볼,채반,냄비콩나물 || 2. 콩나물을 삶는 동안 대파 반대를 잘게 다지듯이 썰어주세요.도마,조리용나이프대파 손질법 || 3. 콩나물이 익으면 찬물에 헹궈 열기를 빼준 후 볼아담아줍니다. || 4. 고추가루 1.5T 흩뿌려주고 || 5. 멸치액젓1T, 국간장1T, 맛소금 0.3T넣어주세요. || 6. 그리고 참기름도 적당히 넣어주고 || 7. 으깬 통깨를 적당히 넣어준 후 조물조물 무쳐주시면 완성입니다.위생장갑 || 8. 매콤 고소한 빨간콩나물무침 완성입니다. 콩나물 잘게 잘라 밥이랑 슥슥 비벼먹어도 맛있어요.접시",7025833_step_1.jpg; 7025833_step_2.jpg; 7025833_step_3.jpg; 7025833_step_4.jpg; 7025833_step_5.jpg; 7025833_step_6.jpg; 7025833_step_7.jpg; 7025833_step_8.jpg
6989690,아이반찬 양파소세지볶음 레시피 양파요리 초스피드반찬,한식,양파 1/2개 구매 | 비엔나소세지 300g 구매 | 굴소스 0.5T 구매 | 올리고당 1T 구매 | 참기름 1T 구매 | 통깨 구매,1. 비엔나소세지는 먹기좋게 반잘라주거나 칼집내서 준비해주세요. || 2. 양파 반개도 한입크기로잘라줍니다. || 3. 팬에 기름을 조금 두르고 소세지와 양파를 볶아줍니다. || 4. 양파가 투명해지면 굴소스 0.5T를 넣어줍니다. || 5. 그리고 올리고당도 1T넣어줍니다. || 6. 참기름도 1T넣어주고 || 7. 통깨 넉넉하게 뿌려서 잘섞어주면 완성입니다. || 8. 접시에 담아서 맛있게드세요.,6989690_step_1.jpg; 6989690_step_2.jpg; 6989690_step_3.jpg; 6989690_step_4.jpg; 6989690_step_5.jpg; 6989690_step_6.jpg; 6989690_step_7.jpg; 6989690_step_8.jpg
7022775,시금치무침 (시금치데치는 방법 시금치나물요리 나물반찬 반찬레시피),한식,시금치 300g 구매 | 소금 1스푼 구매 | 물 넉넉히 구매 | 다진 마늘 1스푼 구매 | 참치액 1.5스푼 구매 | 참기름 1스푼 구매 | 깨소금 1스푼 구매 | 소금 0.5스푼 구매 | 믹싱볼 구매 | 채반 구매 | 조리용나이프 구매 | 냄비 구매 | 조리용스푼 구매 | 찬기 구매 | 도마 구매,"1. 시금치는 뿌리를 잘라 낸 후 한잎한잎 떼어서 찬물에 흔들어 가면서 씻어 흙과 불순물을 제거 해 준다믹싱볼,채반,조리용나이프시금치 손질법 레시피 || 2. 냄비에 물을 넉넉히 붓고 소금 1스푼을 넣은 후 끓여준다냄비센불 || 3. 물이 끓으면 씻은 시금치를 넣고 약 40초 가량 데쳐준다센불 || 4. 데친 시금치는 찬물에 헹구어 준다 || 5. 대파는 길이로 반으로 자른 후 잘게 썰어준다도마,조리용나이프 || 6. 볼에 시금치를 꼭 짜서 담아준다 || 7. 무침 양념을 모두 넣어준다믹싱볼,조리용스푼 || 8. 조물조물 양념과 시금치가 고루 섞이 도록 무쳐준다",7022775_step_1.jpg; 7022775_step_2.jpg; 7022775_step_3.jpg; 7022775_step_4.jpg; 7022775_step_5.jpg; 7022775_step_6.jpg; 7022775_step_7.jpg; 7022775_step_8.jpg
7003487,청경채 된장 무침으로,한식,청경채 150g 구매 | 쪽파 2개 구매 | 된장 또는 쌈장 1스푼 구매 | 간마늘 1/2스푼 구매 | 고춧가루 1/2스푼 구매 | 설탕 1/3스푼 구매 | 매실액 1스푼 구매 | 들기름 1스푼 구매 | 통깨 1/2스푼 구매 | 유리볼 구매 | 냄비 구매 | 채반 구매 | 요리스푼 구매 | 위생장갑 구매,1. 청경채는 한 잎 한 잎 떼어서 씻어주세요 || 2. 끓는 물에 소금을 넣고 30초 ~1분 미만으로 데쳐주세요 || 3. 데친 청경채를 찬물에 헹궈서 물기를 빼주세요 || 4. 데친 청경채를 먹기 좋게 잘라서 볼에 담아요 그리고 된장 고춧가루 매실액 설탕과 들기름까지 넣고 조물조물 무쳐주세요 || 5. 마지막 통깨와 송송 썬 쪽파까지 넣고 무쳐서 완성해 주세요 || 6. 역시 나물은 들기름에 무쳐야 맛있어요 된장과 들기름 그리고 아삭한 청경채가 조화로워요,7003487_step_1.jpg; 7003487_step_2.jpg; 7003487_step_3.jpg; 7003487_step_4.jpg; 7003487_step_5.jpg; 7003487_step_6.jpg
7005830,도토리묵김무침 레시피 아이반찬,한식,도토리묵 1/2모 구매 | 조미김 1봉 구매 | 진간장 1T 구매 | 설탕 0.5T 구매 | 참기름 1T 구매 | 통깨 구매 | 다진대파 1T 구매 | 도마 구매 | 비닐팩 구매 | 볼 구매,1. 도토리묵 반개만 사용해줍니다. 마트에서 판매하는 묵이라면 따뜻한 물에 데쳐서 사용해야 부들부들 탱글한 묵을 맛볼 수있어요. 묵은 아이들이 먹기 좋은 크기로 깍뚝썰어줍니다. || 2. 그리고 다진 대파 가득 1T정도 준비해주세요. || 3. 조미김 한봉을 잘게 부셔줍니다. || 4. 볼에 도토리묵과 다진 대파를 넣고 간을 해줄께요. || 5. 진간장 1T 넣어줍니다. || 6. 설탕도 0.5T 넣어줍니다. || 7. 참기름 1T 넣어주고 || 8. 깨도 듬뿍 넣어주세요. || 9. 그리고 부셔둔 김가루를 넣어준 후 잘 비벼주시면 아이반찬 탱글탱글 고소한 도토리묵김무침이 완성됩니다. 맛있게 드세요.,7005830_step_1.jpg; 7005830_step_2.jpg; 7005830_step_3.jpg; 7005830_step_4.jpg; 7005830_step_5.jpg; 7005830_step_6.jpg; 7005830_step_7.jpg; 7005830_step_8.jpg; 7005830_step_9.jpg
7066995,189.새송이버섯조림(2025.11.26),한식,새송이버섯 400g 3개 구매 | 식용유 약간 구매 | 진간장 1스푼 구매 | 원당 1/2스푼 구매 | 굴소스 1/2스푼 구매 | 미림 1스푼 구매 | 다진마늘 1스푼 구매 | 다진대파 1/2스푼 구매,1. 새송이버섯은 뿌리를 자르고 흐르는 물에 먼지 씻어 4~5등분해요. || 2. 양쪽 단면에 격자무늬를 넣어요. || 3. 예열한 팬에 기름 두르고 새송이버섯의 앞뒤를 굽다가 || 4. 미리 만든 조림장을 넣어 양념이 배어들고 익으면 따뜻한 밥에 올려 맛있게 먹어요. ^^,7066995_step_1.jpg; 7066995_step_2.jpg; 7066995_step_3.jpg; 7066995_step_4.jpg
7029407,"즉석,오이 부추 무침(백종원양념)",한식,오이 1개 구매 | 부추 1줌 구매 | 양파 1/4개 구매 | 매운 고추 선택 1개 구매 | 고추장 1큰술 구매 | 고춧가루 1큰술 구매 | 간장 1큰술 구매 | 식초 1큰술 구매 | 참기름 1큰술 구매 | 설탕 1큰술 구매 | 올리고당 1큰술 구매 | 다진마늘 0.5큰술 구매 | 통깨 톡톡 구매 | 도마 구매 | 조리용나이프 구매 | 볼 구매 | 위생장갑 구매 | 접시 구매,"1. 오이는 어슷썰고 양파는 얇게 채 썰고 부추는 5cm 길이로 썰어 주세요.도마,조리용나이프,볼오이 손질법 || 2. 양념을 넣어주고 잘 버무려줍니다.위생장갑단맛이 싫으시면 올리고당을 반으로 줄여주세요. || 3. 통깨 톡톡 부려주면 오이 무침 완성입니다.",7029407_step_1.jpg; 7029407_step_2.jpg; 7029407_step_3.jpg
6933414,#최애반찬#소세지강정,한식,비엔나 소세지 30개 구매 | 양파 1개 구매 | 캐첩 5큰술 구매 | 간장 1스푼 구매 | 설탕 1스푼 구매 | 식초 1스푼 구매 | 굴소스 1스푼 구매 | 올리고당 1스푼 구매,"1. 소세지 슥슥 칼집을 넣어주세요. || 2. 끓는 물에 살짝 데쳐 주세요.데쳐주면 기름기도 빠지고 칼집도 선명해진답니다. || 3. 캐첩 5스푼, 간장 1스푼, 굴소스 1스푼, 설탕 1스푼, 식초 1스푼을 넣고 양념장을 만들어 주세요.다진마늘을 약간 넣어주면 양념치킨 맛이 나요. || 4. 달군팬에 양파 등을 볶아주세요. || 5. 데친 소세지를 넣어주세요. || 6. 양념장을 넣고 달달 볶아주세요. || 7. 윤기 및 달달한 맛을 추가하기 위해 올리고당 한바퀴만 둘러주면 밥도둑 최애반찬 완성입니다.",6933414_step_1.jpg; 6933414_step_2.jpg; 6933414_step_3.jpg; 6933414_step_4.jpg; 6933414_step_5.jpg; 6933414_step_6.jpg; 6933414_step_7.jpg
6991123,"고소한 맛이 좋은 밑반찬, 애호박버섯볶음 만들기(새우젓없이 만들기)",한식,느타리버섯 400g 구매 | 애호박 2개 구매 | 식용유 3T 구매 | 다진마늘 1T 구매 | 소금 0.5T 구매 | 참기름 0.5T 구매 | 후춧가루 조금 구매,"1. 느타리버섯 2팩을 뜯어서 끄트머리의 더러운 부분을 칼로 잘라 정리해 주세요. || 2. 그리고 물에 살짝 씻은 후에 결대로 찢어주세요. || 3. 애호박 양쪽의 꼭지를 잘라낸 후에 반으로 갈라서 반달모양으로 썰어주세요. || 4. 냄비에 손질한 애호박과 느타리버섯을 넣고 다진마늘 1T를 넣어 주세요. || 5. 식용유 3T와 소금 0.5T를 넣어 주세요. || 6. 이제 센불로 볶아주면 되는데요. 버섯은 물이 많이 나와요. 이 때 물이 다 졸아들때까지 졸이며 익혀주면 됩니다.센불아삭한 애호박을 먹고 싶다면 버섯을 먼저 볶다가 애호박을 나중에 넣어 주세요. || 7. 국물이 다 졸면 불을 꺼주세요. 그리고 참기름 0.5T와 후춧가루 조금, 마지막으로 깨소금 0.5T를 넣고 섞어주세요. || 8. 애호박버섯볶음 완성이에요.",6991123_step_1.jpg; 6991123_step_2.jpg; 6991123_step_3.jpg; 6991123_step_4.jpg; 6991123_step_5.jpg; 6991123_step_6.jpg; 6991123_step_7.jpg; 6991123_step_8.jpg
7067498,매콤 감자조림,한식,감자 2개 구매 | 양파 1/2개 구매 | 대파 조금 구매 | 고추장 1T 구매 | 고춧가루 2T 구매 | 다진마늘 1T 구매 | 진간장 3T 구매 | 올리고당 2T 구매 | 매실액 1T 구매 | 후추 0.5T 구매 | 물 250ml 구매,"1. 감자와 양파는 먹기 좋은 크기로 깍둑썰기 합니다 || 2. 물 250ml에 감자와 고추장 1T, 고춧가루 2T 먼저 넣고 끓입니다 || 3. 끓기 시작하면 양파와 대파도 넣어줍니다 || 4. 간장 3T, 올리고당 2T, 매실청 1T, 다진마늘 1T, 후춧가루 조금 넣고 끓여요 || 5. 끓기 시작하면 중약불로 줄여서 약10분간 더 끓이면 완성 입니다",7067498_step_1.jpg; 7067498_step_2.jpg; 7067498_step_3.jpg; 7067498_step_4.jpg; 7067498_step_5.jpg
